run_dir,output_path,best_val_loss,best_epoch,n_params,loss_recon,loss_kl_lat,loss_kl_mix,loss_smooth,loss_ent,loss_align,loss_l1,MSE,RMSE,MAE,Pearson,Spearman,CCC,Cosine,JSD,Hellinger,EMD
W.2025-11-05_113831.6f8773ca,/home/ayesha/SP-VAE-GCN/results/11-5-gridrun/W.2025-11-05_113831.6f8773ca,0.3174893856048584,236,63172,0.1,0.01,2.0,0.1,-0.2,0.0,0.0,0.015246697463573296,0.12347751804913029,0.07861244100703013,0.9066047033109926,0.7493601580012353,0.9417423006167012,0.9543779726848108,0.05085022563066925,0.23350173658504508,0.06765730934379961
W.2025-11-05_114022.d69e7403,/home/ayesha/SP-VAE-GCN/results/11-5-gridrun/W.2025-11-05_114022.d69e7403,0.3139607608318329,358,63172,0.2,0.05,0.0,0.1,-0.05,0.1,0.001,0.12044060595971545,0.3470455387405455,0.29173018409749546,0.2988943032529127,0.22604877863413445,0.17640631724858585,0.6407255486274104,0.27200069757259876,0.5944428300999802,0.24532507474710494
W.2025-11-05_114045.973c87d4,/home/ayesha/SP-VAE-GCN/results/11-5-gridrun/W.2025-11-05_114045.973c87d4,0.17698213458061218,117,63172,0.1,0.001,1.0,0.1,-0.05,0.1,0.0001,0.02763317576237817,0.16623229458314703,0.12774704477641877,0.8727474798527324,0.7232974252264645,0.8673163123242621,0.9259368221816988,0.09215958384255055,0.34134798696057406,0.11515833268954927
W.2025-11-05_114101.aa6148cf,/home/ayesha/SP-VAE-GCN/results/11-5-gridrun/W.2025-11-05_114101.aa6148cf,0.10242161154747009,150,63172,0.05,0.01,2.0,0.2,0.0,0.5,0.001,0.09722276881094308,0.311805658721812,0.25471445621155137,0.6573407738982524,0.617678980528893,0.34256894375253566,0.7434927282594367,0.22672075129909997,0.5348863050061069,0.23731047805556052
W.2025-11-05_114117.b3367e73,/home/ayesha/SP-VAE-GCN/results/11-5-gridrun/W.2025-11-05_114117.b3367e73,0.06291641294956207,259,63172,0.05,0.01,0.0,0.1,0.0,0.1,0.0,0.14704374016894547,0.38346282762341577,0.3222251661201295,-0.1367368083550058,-0.11069174728855463,-0.0076509000622310185,0.5267654769238416,0.3182492731499624,0.6377183564664975,0.24908989832010414
W.2025-11-05_114135.e98cd611,/home/ayesha/SP-VAE-GCN/results/11-5-gridrun/W.2025-11-05_114135.e98cd611,0.1263004094362259,188,63172,0.1,0.01,0.0,0.05,0.0,0.5,0.0,0.1374829597872769,0.37078694662471184,0.3117000325105108,-0.056577899465247904,-0.019650689168802055,0.03611491274750961,0.5707451899516623,0.3006341033001114,0.6192290657959435,0.2613097880955048
W.2025-11-05_114152.6a0f92ad,/home/ayesha/SP-VAE-GCN/results/11-5-gridrun/W.2025-11-05_114152.6a0f92ad,0.30031678080558777,176,63172,0.1,0.01,0.0,0.0,-0.1,0.5,0.0,0.282541376284054,0.5315462127454714,0.38012820392745034,-0.04805278538402234,0.20311909039356793,-0.09881431640507282,0.29995232724447946,0.4163389660855269,0.6939122895605306,0.09878245724533438
W.2025-11-05_114212.e1e381d7,/home/ayesha/SP-VAE-GCN/results/11-5-gridrun/W.2025-11-05_114212.e1e381d7,0.3227188289165497,170,63172,0.2,0.01,2.0,0.2,-0.05,0.5,0.001,0.08805372503723939,0.2967384791988383,0.24284491909258163,0.6874991866133019,0.6049170073428332,0.4132714262442809,0.772502446198014,0.20973646423253992,0.5138434163733712,0.2309377819436001
W.2025-11-05_114228.600eb144,/home/ayesha/SP-VAE-GCN/results/11-5-gridrun/W.2025-11-05_114228.600eb144,0.28808456659317017,232,63172,0.2,0.01,0.0,0.1,-0.1,0.1,0.0,0.19187237387717804,0.4380323890732032,0.3385502494190874,0.07656569872862475,-0.06084173577592665,0.09101903900916211,0.44898255543358634,0.35789099762722565,0.6603561366360572,0.15787548188762443
W.2025-11-05_114300.c0e54004,/home/ayesha/SP-VAE-GCN/results/11-5-gridrun/W.2025-11-05_114300.c0e54004,0.36172544956207275,229,63172,0.1,0.05,2.0,0.0,-0.1,0.1,0.001,0.08833418858986525,0.29721068047744387,0.2434516932408772,0.6776980767995974,0.5876096608896183,0.4147592995704737,0.7674223268840402,0.21296569296359433,0.5196507167473899,0.22493579020541432
W.2025-11-05_114321.36d95ab7,/home/ayesha/SP-VAE-GCN/results/11-5-gridrun/W.2025-11-05_114321.36d95ab7,0.13585296273231506,353,63172,0.05,0.05,1.0,0.0,-0.05,0.0,0.0001,0.12105240542729749,0.347925861969612,0.28746081538255863,0.24031814614816624,0.25539456550559103,0.17876118468731642,0.6387973441288692,0.2685866721734695,0.5829257049417749,0.2404808190478604
W.2025-11-05_114228.94232600,/home/ayesha/SP-VAE-GCN/results/11-5-gridrun/W.2025-11-05_114228.94232600,0.2722466289997101,500,60503,0.1,0.01,0.0,0.2,-0.1,0.0,0.0001,0.048876608064377,0.2210805465534609,0.07130348601922423,0.1683660760990952,0.060547338327385146,0.18824018357167652,0.22707758746268994,0.5364748396420774,0.8149672605485343,0.032757525033439205
W.2025-11-05_114340.5784fa63,/home/ayesha/SP-VAE-GCN/results/11-5-gridrun/W.2025-11-05_114340.5784fa63,0.19856642186641693,421,63172,0.05,0.01,2.0,0.0,-0.1,0.0,0.001,0.022473123446546235,0.1499103847188254,0.08386031155711912,0.8617850634631934,0.7322915313678966,0.9144304538154427,0.9274153243618039,0.05752308920665724,0.2365235599969105,0.0698098207557946
W.2025-11-05_114400.bd548136,/home/ayesha/SP-VAE-GCN/results/11-5-gridrun/W.2025-11-05_114400.bd548136,0.2606578469276428,188,63172,0.2,0.05,2.0,0.2,0.0,0.5,0.0,0.12689897298307137,0.35622882110108856,0.29706827228698945,0.2678530922303973,0.259354323017429,0.09878687525903215,0.6220198506336463,0.28022221407526415,0.5971370139956472,0.26951696694664956
W.2025-11-05_114416.0df75eda,/home/ayesha/SP-VAE-GCN/results/11-5-gridrun/W.2025-11-05_114416.0df75eda,0.3513721227645874,296,63172,0.2,0.01,1.0,0.05,-0.1,0.5,0.001,0.09758587210439575,0.3123873750720342,0.2605994825334608,0.4822293955586251,0.39395619826111783,0.34255015597010735,0.7274753160196854,0.2311871982002321,0.5413596717317968,0.23680315577569772
W.2025-11-05_114438.a68a3b5a,/home/ayesha/SP-VAE-GCN/results/11-5-gridrun/W.2025-11-05_114438.a68a3b5a,0.14756235480308533,85,63172,0.05,0.001,0.0,0.0,-0.1,0.1,0.0001,0.3420986767744202,0.5848920214658602,0.4066342170845397,-0.059858629368012936,0.03939480658204329,-0.11250321591616697,0.24573487999996724,0.48676518968507926,0.7717376472997706,0.08585962451506318
W.2025-11-05_114454.aef02b7c,/home/ayesha/SP-VAE-GCN/results/11-5-gridrun/W.2025-11-05_114454.aef02b7c,0.21228013932704926,306,63172,0.1,0.01,0.5,0.0,-0.1,0.1,0.0,0.05339175691299121,0.23106656381439356,0.16986242541070068,0.7609423255244236,0.6624662749071661,0.7194474525985538,0.8593231049279211,0.13573647399505792,0.3977056558809771,0.15140639934279299
W.2025-11-05_114519.4a99dc38,/home/ayesha/SP-VAE-GCN/results/11-5-gridrun/W.2025-11-05_114519.4a99dc38,0.2346029281616211,119,63172,0.05,0.01,2.0,0.05,-0.1,0.1,0.001,0.06129540558264836,0.2475790895504876,0.19508253503753914,0.7332714614280161,0.6409162749918801,0.6415474267396665,0.8369956212003711,0.16026682495328068,0.44973393317420735,0.1786617952478884
W.2025-11-05_114535.a79a6bab,/home/ayesha/SP-VAE-GCN/results/11-5-gridrun/W.2025-11-05_114535.a79a6bab,0.22425784170627594,105,63172,0.2,0.001,0.5,0.05,0.0,0.1,0.0,0.05948217887477955,0.24388968587207527,0.1992511248615422,0.759455461264157,0.664689255296329,0.6439167113466263,0.8468836767502185,0.16146253526187168,0.4553700006489997,0.1820815867044078
W.2025-11-05_114549.cb5dffc0,/home/ayesha/SP-VAE-GCN/results/11-5-gridrun/W.2025-11-05_114549.cb5dffc0,0.25303810834884644,216,63172,0.2,0.01,0.5,0.1,0.0,0.5,0.0001,0.1222900945294329,0.3497000064761694,0.29464851930368674,0.3387303338329973,0.3389740349254372,0.14017391120317094,0.6413898570681221,0.27415660697162125,0.5932176841914909,0.2620605871524338
W.2025-11-05_114607.12e68ffb,/home/ayesha/SP-VAE-GCN/results/11-5-gridrun/W.2025-11-05_114607.12e68ffb,0.31715697050094604,199,63172,0.2,0.05,0.5,0.0,-0.05,0.5,0.001,0.12322662607464985,0.35103650248179297,0.29398301813950906,0.28138028358769474,0.19485344669742988,0.13883584130952448,0.6364550833624311,0.27536983100348256,0.5945601948064979,0.25727389411629087
W.2025-11-05_114623.319879de,/home/ayesha/SP-VAE-GCN/results/11-5-gridrun/W.2025-11-05_114623.319879de,0.36059367656707764,94,63172,0.2,0.001,0.0,0.2,-0.1,0.5,0.0,0.14659178072032114,0.38287306084434974,0.2574017991837937,0.42232810257711867,0.2604314578690812,0.3967751299608608,0.6253866250926503,0.25351570311260185,0.5461562670768022,0.1361210723391042
W.2025-11-05_114639.777ebd20,/home/ayesha/SP-VAE-GCN/results/11-5-gridrun/W.2025-11-05_114639.777ebd20,0.26624900102615356,332,63172,0.1,0.05,0.5,0.0,-0.1,0.5,0.001,0.13442054192643577,0.36663407087508354,0.30492252118313884,0.12238337810251193,0.13191579900715794,0.05710751061059306,0.590969627582979,0.29050059612669926,0.6070198467182891,0.25942279673757646
W.2025-11-05_114700.4103b8ce,/home/ayesha/SP-VAE-GCN/results/11-5-gridrun/W.2025-11-05_114700.4103b8ce,0.1306677609682083,75,63172,0.1,0.001,1.0,0.1,0.0,0.0,0.001,0.07008578602672097,0.26473720181856003,0.2144950136791739,0.7005281370908444,0.5858230633415007,0.564931456086684,0.8179310155160255,0.18225897447891987,0.4830468568074054,0.19800137000781953
W.2025-11-05_114711.1da50195,/home/ayesha/SP-VAE-GCN/results/11-5-gridrun/W.2025-11-05_114711.1da50195,0.37764427065849304,63,63172,0.2,0.001,0.0,0.2,-0.05,0.5,0.0001,0.1697260836978377,0.4119782563410813,0.2876908060986706,0.26123848831330304,0.19417374282427058,0.23467815983588217,0.5444937850070161,0.29641977554429805,0.5800437108054671,0.13655908926558374
W.2025-11-05_114725.41796609,/home/ayesha/SP-VAE-GCN/results/11-5-gridrun/W.2025-11-05_114725.41796609,0.22169719636440277,69,63172,0.2,0.001,0.5,0.1,0.0,0.0,0.001,0.05923746075083598,0.24338747040642003,0.19518432905151065,0.7451705355993936,0.6379599457400865,0.6538069788589611,0.8422550123933333,0.16128830116113033,0.4520008615625477,0.1775357612181943
W.2025-11-05_114737.6d23dfe6,/home/ayesha/SP-VAE-GCN/results/11-5-gridrun/W.2025-11-05_114737.6d23dfe6,0.3315882682800293,141,63172,0.2,0.001,2.0,0.0,-0.1,0.5,0.001,0.03561669030821701,0.1887238466866787,0.14802308821459478,0.8515803763393845,0.7426472690654453,0.8160396498815946,0.9113236005820353,0.1055721043280838,0.3674118471801823,0.13169949311515008
W.2025-11-05_114753.5f9499b4,/home/ayesha/SP-VAE-GCN/results/11-5-gridrun/W.2025-11-05_114753.5f9499b4,0.2503132224082947,279,63172,0.2,0.01,0.5,0.2,0.0,0.0,0.001,0.06999214365352649,0.26456028359057693,0.21187039283824594,0.5989191047944209,0.4843039118488693,0.5855024125365571,0.8003520323571124,0.1781744468528597,0.4725607335995617,0.1863023411893988
W.2025-11-05_114816.1bf6f6c9,/home/ayesha/SP-VAE-GCN/results/11-5-gridrun/W.2025-11-05_114816.1bf6f6c9,0.3226674199104309,206,63172,0.2,0.001,2.0,0.2,-0.1,0.1,0.0,0.010706339305617919,0.10347144198095394,0.06526875153047548,0.9408651372277262,0.8219439712041778,0.9577463452837482,0.9667532328206629,0.03922146946596514,0.21696356542456335,0.06059798754552154
W.2025-11-05_114838.7f558d8f,/home/ayesha/SP-VAE-GCN/results/11-5-gridrun/W.2025-11-05_114838.7f558d8f,0.11269626021385193,484,63172,0.05,0.01,0.0,0.2,-0.1,0.0,0.0001,0.2215433956178852,0.4706839657539708,0.27840245570469513,0.17642581063360516,0.014532331597233451,0.300159394494316,0.45904584684644667,0.3680367775376899,0.5692648572056954,0.08125142627035596
W.2025-11-05_114935.e85c1b7b,/home/ayesha/SP-VAE-GCN/results/11-5-gridrun/W.2025-11-05_114935.e85c1b7b,0.40322959423065186,230,63172,0.2,0.01,2.0,0.1,-0.1,0.1,0.001,0.0238840696453612,0.15454471730007854,0.11617398659504335,0.9078389373528337,0.7660564017787367,0.8864428482919897,0.9432972292333414,0.08128294796641639,0.318595800098983,0.1061763843585704
W.2025-11-05_115042.e1ef3d69,/home/ayesha/SP-VAE-GCN/results/11-5-gridrun/W.2025-11-05_115042.e1ef3d69,0.3855448067188263,134,63172,0.2,0.01,2.0,0.05,-0.1,0.5,0.0,0.09527994013330107,0.30867448895770616,0.2555633117906865,0.5731172020516925,0.49487277295748516,0.36388823137522003,0.7396954953114879,0.22539710657905643,0.5342015684046807,0.23397125334694144
W.2025-11-05_115126.52c29f53,/home/ayesha/SP-VAE-GCN/results/11-5-gridrun/W.2025-11-05_115126.52c29f53,0.2573823034763336,352,63172,0.2,0.05,0.5,0.2,0.0,0.5,0.001,0.1325719519926634,0.364104314713055,0.3063622524294116,0.11952087310113484,0.052677333684904806,0.042505863326707395,0.5989812645197806,0.2920774580055758,0.6103220118012799,0.2827613247591047
W.2025-11-05_115200.74905b8d,/home/ayesha/SP-VAE-GCN/results/11-5-gridrun/W.2025-11-05_115200.74905b8d,0.423437237739563,492,63172,0.2,0.05,2.0,0.1,-0.05,0.0,0.0001,0.05600295435169358,0.2366494334489174,0.18216466417425758,0.7475638598529128,0.6561372951646702,0.6918350737640137,0.8517332957964773,0.14854220615508626,0.42478760704119034,0.16018522432347335
W.2025-11-05_115219.50d613f5,/home/ayesha/SP-VAE-GCN/results/11-5-gridrun/W.2025-11-05_115219.50d613f5,0.06591839343309402,433,63172,0.05,0.05,1.0,0.2,0.0,0.5,0.0,0.14288534077082235,0.3780017735022183,0.314804191155951,-0.16412009500762545,-0.10209384394085183,-0.036696452383775044,0.5626495348082258,0.3065209377704868,0.6206558031687488,0.2881538596384093
W.2025-11-05_115331.0fe17fc2,/home/ayesha/SP-VAE-GCN/results/11-5-gridrun/W.2025-11-05_115331.0fe17fc2,0.26471951603889465,195,63172,0.1,0.01,2.0,0.1,0.0,0.0,0.001,0.02193882860961332,0.14811761748560945,0.11227013723277338,0.9080324382492567,0.765256171346534,0.8974515363658798,0.9450689810083331,0.07842797749011354,0.3148279661602771,0.10524309854086072
W.2025-11-05_115349.0ca329a1,/home/ayesha/SP-VAE-GCN/results/11-5-gridrun/W.2025-11-05_115349.0ca329a1,0.2746661901473999,500,63172,0.05,0.05,1.0,0.05,-0.1,0.5,0.0001,0.11490178338761527,0.33897165572893445,0.2826665032487628,0.5306762865134128,0.502394318101745,0.18524368053325985,0.6754848834366072,0.2599126921001975,0.571910836583588,0.2656949816051673
W.2025-11-05_115426.c9b1693b,/home/ayesha/SP-VAE-GCN/results/11-5-gridrun/W.2025-11-05_115426.c9b1693b,0.2155025601387024,235,63172,0.1,0.05,1.0,0.05,-0.05,0.1,0.001,0.1281579007287092,0.35799148136332687,0.2974047795326953,0.2132526357586499,0.16943445700604287,0.09837852913315398,0.6173767510318432,0.28217417575868214,0.5983269337947074,0.2604974600787377
W.2025-11-05_115532.065ef8b6,/home/ayesha/SP-VAE-GCN/results/11-5-gridrun/W.2025-11-05_115532.065ef8b6,0.20152795314788818,189,63172,0.05,0.01,0.5,0.1,-0.1,0.5,0.001,0.1446695901578143,0.380354558481707,0.31591024776356647,0.03039242208685898,-0.020830894741857033,0.016619002417999726,0.5539634790218195,0.3059209348262327,0.6209070288435933,0.244236330082853
W.2025-11-05_115632.106c6052,/home/ayesha/SP-VAE-GCN/results/11-5-gridrun/W.2025-11-05_115632.106c6052,0.20649735629558563,192,63172,0.2,0.001,0.0,0.05,0.0,0.0,0.0,0.08262803269217059,0.2874509222322492,0.2202889264383226,0.5488798871849543,0.4760899745375034,0.5406627549275878,0.7613967081670375,0.19324522498455238,0.48790954605118547,0.15283175573344904
W.2025-11-05_115703.cbfe1719,/home/ayesha/SP-VAE-GCN/results/11-5-gridrun/W.2025-11-05_115703.cbfe1719,0.31193774938583374,192,63172,0.2,0.01,0.0,0.0,-0.05,0.1,0.0001,0.1452521562065711,0.38111960879305473,0.2985760057259456,0.13692895932837426,0.06420269359771681,0.15203741269457996,0.5542442288348648,0.2931841587111014,0.6020250998377401,0.18507642856859588
W.2025-11-05_115804.a6c2671e,/home/ayesha/SP-VAE-GCN/results/11-5-gridrun/W.2025-11-05_115804.a6c2671e,0.24737489223480225,375,63172,0.2,0.05,0.5,0.1,0.0,0.0,0.0,0.1234653570511389,0.351376375203483,0.2940782787130466,0.18109694377398228,0.17877118718000617,0.13507386950120573,0.6287029979581421,0.27624486826389466,0.5945489219609523,0.25806812169542587
W.2025-11-05_115856.d4383204,/home/ayesha/SP-VAE-GCN/results/11-5-gridrun/W.2025-11-05_115856.d4383204,0.13879051804542542,283,63172,0.1,0.01,0.5,0.0,0.0,0.0,0.0001,0.06389043254171617,0.2527655683468699,0.2053284706127922,0.7289050352999477,0.6033977264814078,0.612201537747109,0.8375521122820393,0.1709099454344854,0.46737513713859186,0.19153035999638302
W.2025-11-05_115915.a033e8e5,/home/ayesha/SP-VAE-GCN/results/11-5-gridrun/W.2025-11-05_115915.a033e8e5,0.23007157444953918,225,63172,0.2,0.001,2.0,0.05,0.0,0.5,0.001,0.040521128899169014,0.2012986063021029,0.15832833731471432,0.8515925296828694,0.7267512557201468,0.7899065449597863,0.9040036790334491,0.11713307347964244,0.3833645591142191,0.1378443322831028
W.2025-11-05_115941.1f2bdc1f,/home/ayesha/SP-VAE-GCN/results/11-5-gridrun/W.2025-11-05_115941.1f2bdc1f,0.11794352531433105,497,63172,0.05,0.05,0.0,0.2,-0.05,0.5,0.0,0.19791904406417876,0.44488093245741467,0.3078273539313432,0.18263295343909067,0.04403094758493558,0.12487651906447385,0.48073939601628507,0.335515058882193,0.6170281726317585,0.11407669861015983
W.2025-11-05_120203.5a02e2b0,/home/ayesha/SP-VAE-GCN/results/11-5-gridrun/W.2025-11-05_120203.5a02e2b0,0.06433974951505661,314,63172,0.05,0.05,2.0,0.2,0.0,0.5,0.0001,0.13855040815671293,0.37222359967728125,0.31074175897207695,-0.00955923629200072,-0.0021149778914471592,-0.0007881732339545716,0.578692179858315,0.30013016608074095,0.6158035549989853,0.28377491219957923
W.2025-11-05_120327.535cacaa,/home/ayesha/SP-VAE-GCN/results/11-5-gridrun/W.2025-11-05_120327.535cacaa,0.21493570506572723,500,63172,0.05,0.05,2.0,0.05,-0.1,0.5,0.0,0.13512593151931573,0.3675947925628378,0.3043727617769232,0.057139917073737216,0.008220698203965275,0.03067729008832646,0.5962802194366446,0.29393707304151734,0.6072653077884751,0.2749135629290739
W.2025-11-05_120439.ef3c4f2e,/home/ayesha/SP-VAE-GCN/results/11-5-gridrun/W.2025-11-05_120439.ef3c4f2e,0.1256735771894455,365,63172,0.1,0.001,0.0,0.1,-0.05,0.0,0.0,0.193372400621836,0.43974128828418646,0.266585850547833,0.2983066704030169,0.05675551281963115,0.34849084458795887,0.5329481645099444,0.32624660283742407,0.5680552591096228,0.09294093782296783
W.2025-11-05_120459.cb12784b,/home/ayesha/SP-VAE-GCN/results/11-5-gridrun/W.2025-11-05_120459.cb12784b,0.1339080035686493,226,63172,0.05,0.05,2.0,0.0,0.0,0.0,0.001,0.10732299822455676,0.3276018898366686,0.272213188046905,0.4344812107137154,0.37790668863977717,0.28120470453707225,0.6886660690005163,0.24720714667154303,0.5605943175760986,0.23584256442775997
W.2025-11-05_120514.df1b18a0,/home/ayesha/SP-VAE-GCN/results/11-5-gridrun/W.2025-11-05_120514.df1b18a0,0.2513149082660675,286,63172,0.1,0.05,0.5,0.1,-0.1,0.0,0.0,0.13345706237852506,0.3653177553562447,0.30052653410216795,0.1211087295878615,0.11651440531938369,0.09143578094619562,0.5921144901000258,0.28779170478619365,0.6000136335752168,0.24270675651094328
W.2025-11-05_120558.df5e5f89,/home/ayesha/SP-VAE-GCN/results/11-5-gridrun/W.2025-11-05_120558.df5e5f89,0.22408494353294373,204,63172,0.1,0.01,2.0,0.1,-0.05,0.1,0.0001,0.03094069524320516,0.1758996738007355,0.1321013421874981,0.8875736217037173,0.7586569933329816,0.8438453860203686,0.9269197446712029,0.09848538875756689,0.3465591029287726,0.12211577848320473
W.2025-11-05_120633.acd089ed,/home/ayesha/SP-VAE-GCN/results/11-5-gridrun/W.2025-11-05_120633.acd089ed,0.13678482174873352,70,63172,0.1,0.001,1.0,0.0,0.0,0.0,0.0001,0.04621687349051337,0.2149811003100351,0.17128921377017453,0.8052083890116652,0.702836086500287,0.7465010292843497,0.8774415193821008,0.1335179920247122,0.4115905615611093,0.15485998208810833
W.2025-11-05_120653.1e60a575,/home/ayesha/SP-VAE-GCN/results/11-5-gridrun/W.2025-11-05_120653.1e60a575,0.13356554508209229,335,63172,0.05,0.05,0.5,0.05,-0.05,0.1,0.0,0.12912798090693436,0.35934381990919834,0.30066040765062146,0.2688794166284642,0.21496927980671204,0.07487187209477379,0.6157183635968427,0.28556277848957323,0.6023562422734015,0.2733035031328254
W.2025-11-05_120719.42aef966,/home/ayesha/SP-VAE-GCN/results/11-5-gridrun/W.2025-11-05_120719.42aef966,0.08725181221961975,192,63172,0.05,0.001,2.0,0.05,0.0,0.5,0.0,0.0331175125351873,0.1819821764217235,0.14408316883982358,0.8564224326615786,0.7374708410088531,0.8345594375805206,0.9179213550531438,0.10376533996244584,0.3630210295860556,0.12911771621268336
W.2025-11-05_120815.43420cb7,/home/ayesha/SP-VAE-GCN/results/11-5-gridrun/W.2025-11-05_120815.43420cb7,0.1593870222568512,315,63172,0.05,0.01,1.0,0.05,-0.05,0.0,0.0001,0.01962563645642744,0.14009152885320167,0.0969437519061585,0.910114183509882,0.7964981042738487,0.9141295488351604,0.9485132838292063,0.06799313771391334,0.28482226824328555,0.08486433106114508
W.2025-11-05_120859.dcb3e3d0,/home/ayesha/SP-VAE-GCN/results/11-5-gridrun/W.2025-11-05_120859.dcb3e3d0,0.34639859199523926,104,63172,0.2,0.001,0.5,0.0,-0.1,0.5,0.0,0.08493606814634937,0.29143793189348116,0.23846702129796538,0.5750700308927122,0.45378391093514153,0.47046588307931614,0.7686241798306095,0.20901067263188522,0.5177318256495043,0.2056756352652731
W.2025-11-05_120924.7734402e,/home/ayesha/SP-VAE-GCN/results/11-5-gridrun/W.2025-11-05_120924.7734402e,0.15395843982696533,131,63172,0.1,0.01,2.0,0.1,0.0,0.5,0.001,0.09355053653140545,0.30586032193046137,0.2502830751909014,0.6536113151836495,0.5691850563804787,0.37470026862080663,0.7500376966554578,0.21971417522277475,0.5271276777900256,0.23288096105685105
W.2025-11-05_120943.cecc964b,/home/ayesha/SP-VAE-GCN/results/11-5-gridrun/W.2025-11-05_120943.cecc964b,0.1408466398715973,500,63172,0.05,0.05,0.0,0.0,-0.05,0.5,0.0001,0.29013373645982565,0.5386406375867177,0.389974153429686,-0.08561131102241139,-0.11110319149535688,-0.13225384278327676,0.275622586511263,0.4453830251485589,0.7311140904573648,0.09986166164771781
W.2025-11-05_121135.7a95d316,/home/ayesha/SP-VAE-GCN/results/11-5-gridrun/W.2025-11-05_121135.7a95d316,0.10940006375312805,439,63172,0.05,0.01,0.0,0.2,-0.05,0.1,0.001,0.3322332710176931,0.576396799971767,0.40455980754185683,-0.06388149355251754,0.017778034585597968,-0.1167718118014155,0.2496607680617561,0.47671127278990916,0.7606338214765974,0.0862290874031576
W.2025-11-05_121405.8436c369,/home/ayesha/SP-VAE-GCN/results/11-5-gridrun/W.2025-11-05_121405.8436c369,0.39521417021751404,279,63172,0.2,0.05,0.5,0.0,-0.1,0.5,0.001,0.12764873565818216,0.3572796323024616,0.2921282786350795,0.25336613056536517,0.21303173910167852,0.12775038236338238,0.6232834420462465,0.2745979528792346,0.5893963734049268,0.25026013223170956
W.2025-11-05_121435.381a3c62,/home/ayesha/SP-VAE-GCN/results/11-5-gridrun/W.2025-11-05_121435.381a3c62,0.307815283536911,238,63172,0.2,0.001,0.5,0.1,-0.1,0.5,0.001,0.13917403655302782,0.3730603658297512,0.2946629595340979,0.24789634325310292,0.2389188090621161,0.2456192764930677,0.5778643522255439,0.2780407107764151,0.5867061560290779,0.17885093927043302
W.2025-11-05_121502.2865ff9f,/home/ayesha/SP-VAE-GCN/results/11-5-gridrun/W.2025-11-05_121502.2865ff9f,0.1327001452445984,341,63172,0.05,0.01,0.5,0.2,-0.05,0.1,0.0001,0.11538728314270137,0.3396870370542588,0.2849068631618518,0.45300471939468134,0.3646315254598751,0.18586661434580234,0.669405846840376,0.26322456273896033,0.5795683675541067,0.26311236249955955
W.2025-11-05_121620.bec9eb99,/home/ayesha/SP-VAE-GCN/results/11-5-gridrun/W.2025-11-05_121620.bec9eb99,0.3168768882751465,190,63172,0.2,0.05,2.0,0.2,-0.05,0.1,0.0,0.12903907096929576,0.3592200870904852,0.29878181259132763,0.1574580937989686,0.11895039963120092,0.09354721600577197,0.6127099416392581,0.2826289253199063,0.5989047732211327,0.26202230463603715
W.2025-11-05_121647.024c6221,/home/ayesha/SP-VAE-GCN/results/11-5-gridrun/W.2025-11-05_121647.024c6221,0.36863476037979126,500,63172,0.1,0.05,2.0,0.0,-0.05,0.0,0.001,0.041360803268803245,0.20337355597226314,0.14700159575081442,0.7767280160272306,0.6247701249776613,0.7970813754005668,0.8851790193791114,0.11813442996506561,0.37346520438602104,0.12648689555283485
W.2025-11-05_121705.e39476a0,/home/ayesha/SP-VAE-GCN/results/11-5-gridrun/W.2025-11-05_121705.e39476a0,0.21171075105667114,189,63172,0.05,0.01,1.0,0.0,-0.1,0.5,0.0001,0.1295593779313159,0.35994357603840615,0.3010568910424728,0.2674955474134509,0.254433794798485,0.11450004770117891,0.6103580110375179,0.28106990675168386,0.5960113440841411,0.24571847616928272
W.2025-11-05_121743.b3d89a72,/home/ayesha/SP-VAE-GCN/results/11-5-gridrun/W.2025-11-05_121743.b3d89a72,0.21980167925357819,81,63172,0.2,0.001,0.5,0.1,0.0,0.0,0.0001,0.06446920537121906,0.2539078678797076,0.2062632809429712,0.7021155117413576,0.5904111035468244,0.6183994413992424,0.8235317939686572,0.17229970181754128,0.4709154999167823,0.1835465032503085
W.2025-11-05_121803.61bf0ac5,/home/ayesha/SP-VAE-GCN/results/11-5-gridrun/W.2025-11-05_121803.61bf0ac5,0.2718426585197449,346,63172,0.1,0.05,1.0,0.05,-0.1,0.1,0.0,0.10815891093262779,0.3288752209161216,0.27300597131817184,0.37763793460474165,0.34779331174378825,0.2615605782269635,0.6868379955561054,0.2485920159326074,0.5630997867884285,0.24433483354307953
W.2025-11-05_121932.99c48152,/home/ayesha/SP-VAE-GCN/results/11-5-gridrun/W.2025-11-05_121932.99c48152,0.1484161913394928,236,63172,0.05,0.01,1.0,0.1,-0.05,0.1,0.001,0.06428093701041074,0.25353685532957676,0.20262636113720303,0.8030857020908495,0.7205883510592268,0.6072402160583041,0.8438873404783966,0.16745271950010088,0.45916614424512875,0.18688572961492425
W.2025-11-05_122009.333c9947,/home/ayesha/SP-VAE-GCN/results/11-5-gridrun/W.2025-11-05_122009.333c9947,0.08674289286136627,75,63172,0.05,0.001,2.0,0.2,0.0,0.1,0.0,0.04732978192005754,0.2175540896422256,0.17896096684746077,0.8604242521257548,0.70174166214245,0.7247149569762302,0.8938361489118721,0.14176967333480311,0.4288577491625169,0.16694967802810548
W.2025-11-05_122032.cc3468ab,/home/ayesha/SP-VAE-GCN/results/11-5-gridrun/W.2025-11-05_122032.cc3468ab,0.29685425758361816,77,63172,0.2,0.001,2.0,0.05,-0.05,0.5,0.001,0.0747873987517081,0.27347284828974905,0.2265656226603497,0.7725129712757711,0.677640356238878,0.5137982006670287,0.8132740579319133,0.18982300879136188,0.4952505390294084,0.2162099032751757
W.2025-11-05_122048.b36452d3,/home/ayesha/SP-VAE-GCN/results/11-5-gridrun/W.2025-11-05_122048.b36452d3,0.22555628418922424,196,63172,0.2,0.001,0.5,0.05,0.0,0.1,0.001,0.04536299933493972,0.21298591346598422,0.17229975739144415,0.8617012179673122,0.7227416777828662,0.7410731135051956,0.8970265225601225,0.13423403748966425,0.41605255879652975,0.1626359978854107
W.2025-11-05_122111.9cb336dc,/home/ayesha/SP-VAE-GCN/results/11-5-gridrun/W.2025-11-05_122111.9cb336dc,0.13154685497283936,434,63172,0.05,0.05,0.5,0.05,-0.05,0.5,0.001,0.13483174394380248,0.3671944225390719,0.3036317933386244,0.11596917916898532,0.12852885008304749,0.07802373886952532,0.5856503709048121,0.28853940114808235,0.6059429656555773,0.24897281347381983
W.2025-11-05_122142.1a35c2e7,/home/ayesha/SP-VAE-GCN/results/11-5-gridrun/W.2025-11-05_122142.1a35c2e7,0.31599700450897217,251,63172,0.2,0.01,0.5,0.1,-0.05,0.1,0.0,0.07766426635644799,0.27868309305813294,0.22648093864126,0.765996091318984,0.6615466798724102,0.49805126648842307,0.8036008539173769,0.1942011759412726,0.4958263234454022,0.21623921652903536
W.2025-11-05_122206.65902f78,/home/ayesha/SP-VAE-GCN/results/11-5-gridrun/W.2025-11-05_122206.65902f78,0.10770098119974136,347,63172,0.05,0.05,2.0,0.1,0.0,0.0,0.0,0.107925345117269,0.3285199310807017,0.2708896417544868,0.3920237803496886,0.4120963060657931,0.2800529215963228,0.6916116000126973,0.24673415728885462,0.5568733702749538,0.2335094326867402
W.2025-11-05_122224.5617e45f,/home/ayesha/SP-VAE-GCN/results/11-5-gridrun/W.2025-11-05_122224.5617e45f,0.22781750559806824,179,63172,0.1,0.001,2.0,0.05,-0.1,0.5,0.0,0.032144855802200153,0.1792898653081098,0.14064649790228442,0.8611513262263878,0.7593462849388983,0.8434064686017678,0.9208527550189832,0.09855322565840903,0.3518733504393538,0.12533630571516347
W.2025-11-05_122251.d7c1cd26,/home/ayesha/SP-VAE-GCN/results/11-5-gridrun/W.2025-11-05_122251.d7c1cd26,0.22251926362514496,133,63172,0.2,0.001,0.5,0.0,0.0,0.5,0.0,0.09232934476169004,0.3038574415111304,0.25299928202798916,0.7352192922715473,0.618959651058855,0.3674353340002055,0.7574187402522179,0.22237990166654895,0.5336999668787448,0.24194523709820406
W.2025-11-05_122310.578d6621,/home/ayesha/SP-VAE-GCN/results/11-5-gridrun/W.2025-11-05_122310.578d6621,0.2380259484052658,80,63172,0.2,0.001,0.0,0.1,0.0,0.5,0.0,0.10329975366435021,0.3214027903804667,0.26310483484247216,0.4774312607588741,0.3636806803359945,0.3746398836620262,0.7063611568688634,0.24762411732874737,0.5613947803943421,0.20145575766737678
W.2025-11-05_122326.0f4b40ad,/home/ayesha/SP-VAE-GCN/results/11-5-gridrun/W.2025-11-05_122326.0f4b40ad,0.33825287222862244,250,63172,0.1,0.05,2.0,0.05,-0.1,0.1,0.0001,0.09086555275100895,0.3014391360639971,0.24167786593380552,0.5904064280652231,0.5283063266964254,0.4052673278158286,0.757626304892165,0.21500480602452499,0.5188210157935402,0.22032378642630376
W.2025-11-05_122431.4c501fdb,/home/ayesha/SP-VAE-GCN/results/11-5-gridrun/W.2025-11-05_122431.4c501fdb,0.2833116948604584,98,63172,0.2,0.001,1.0,0.0,-0.05,0.1,0.0,0.048141918161893456,0.21941266636612722,0.16992433087490597,0.8116611640957286,0.704569982038598,0.7380098459860961,0.8758201832152667,0.13414193850369066,0.4090510085589715,0.15524339609644502
W.2025-11-05_122509.cdd63708,/home/ayesha/SP-VAE-GCN/results/11-5-gridrun/W.2025-11-05_122509.cdd63708,0.18761442601680756,281,63172,0.1,0.05,0.0,0.05,-0.05,0.5,0.0001,0.13952627160022957,0.3735321560458076,0.3053954841183333,0.05567054137157737,0.044729660592153726,0.14249204469756493,0.5472902735247531,0.31404488152775223,0.6309267890557224,0.2010544155860889
W.2025-11-05_122556.ec332cda,/home/ayesha/SP-VAE-GCN/results/11-5-gridrun/W.2025-11-05_122556.ec332cda,0.27100852131843567,217,63172,0.1,0.01,2.0,0.0,-0.1,0.1,0.0,0.018401251256134187,0.13565121177539916,0.09887969950515438,0.908321799220516,0.7757923920474795,0.921079877887025,0.9497515156827334,0.06774054481166646,0.2884743142013784,0.08809156582151473
W.2025-11-05_122623.98f932fc,/home/ayesha/SP-VAE-GCN/results/11-5-gridrun/W.2025-11-05_122623.98f932fc,0.20611992478370667,278,63172,0.05,0.05,1.0,0.2,-0.1,0.0,0.0001,0.12196480600964539,0.34923460024694775,0.28949674996195596,0.2531413654884767,0.23532832445969587,0.16017461549532228,0.6389393950532852,0.2698891643066967,0.5846057855175759,0.25092813409874926
W.2025-11-05_122640.b80c0dd4,/home/ayesha/SP-VAE-GCN/results/11-5-gridrun/W.2025-11-05_122640.b80c0dd4,0.2569698393344879,317,63172,0.1,0.05,2.0,0.1,-0.05,0.0,0.001,0.09867193883542533,0.314120898437887,0.2551581807690993,0.46044852344685533,0.4481653368687759,0.3628426367261671,0.7176440827804379,0.2282056588753854,0.534874042316928,0.2210943291567476
W.2025-11-05_122724.ae0b6fac,/home/ayesha/SP-VAE-GCN/results/11-5-gridrun/W.2025-11-05_122724.ae0b6fac,0.3806705176830292,106,63172,0.2,0.01,2.0,0.0,-0.05,0.0,0.001,0.0626356830733302,0.25027121902713906,0.20371470925793528,0.7687040446118999,0.6477486380186359,0.6181245535866069,0.8467436355035809,0.16785326972417858,0.4634540332722445,0.18904661192201158
W.2025-11-05_122747.c7c77573,/home/ayesha/SP-VAE-GCN/results/11-5-gridrun/W.2025-11-05_122747.c7c77573,0.19536471366882324,213,63172,0.1,0.05,0.5,0.1,-0.05,0.0,0.001,0.1251244084709524,0.3537292869850508,0.2913379328409077,0.29939934768458676,0.29692811727160384,0.1320318285593815,0.6311153197549887,0.2754014214428547,0.5897248059691543,0.2535840878044493
W.2025-11-05_122812.5102d65c,/home/ayesha/SP-VAE-GCN/results/11-5-gridrun/W.2025-11-05_122812.5102d65c,0.24177375435829163,175,63172,0.2,0.01,0.5,0.1,0.0,0.0,0.001,0.10411921731259025,0.3226750955877913,0.2671748842696269,0.4144627051734916,0.3760120338497374,0.29870165157683354,0.7010069345404889,0.24153561905617865,0.5543130669016898,0.2350537194296385
W.2025-11-05_122832.2104a557,/home/ayesha/SP-VAE-GCN/results/11-5-gridrun/W.2025-11-05_122832.2104a557,0.1883384734392166,303,63172,0.1,0.001,1.0,0.2,-0.1,0.1,0.001,0.016651914660496658,0.12904229795108524,0.07623018023246339,0.8860355152793187,0.7740057944993619,0.9364054392410844,0.9429863845313347,0.046244831508511976,0.22053046850653435,0.06082958254778979
W.2025-11-05_122859.6ad77da6,/home/ayesha/SP-VAE-GCN/results/11-5-gridrun/W.2025-11-05_122859.6ad77da6,0.24559742212295532,244,63172,0.1,0.01,1.0,0.0,-0.1,0.1,0.0001,0.04077537344722615,0.20192912976394997,0.15302956186952432,0.8427633448498371,0.745667488814034,0.7891847468869286,0.8938086661569593,0.11853711436901869,0.3787409055775419,0.13686534208599999
W.2025-11-05_123008.578b28e5,/home/ayesha/SP-VAE-GCN/results/11-5-gridrun/W.2025-11-05_123008.578b28e5,0.219723641872406,125,63172,0.1,0.001,1.0,0.1,-0.1,0.5,0.0,0.07443650242105988,0.2728305379187966,0.21795099586038658,0.6124956357603267,0.5425838656682943,0.555897264510636,0.7911402031597681,0.18538866032689602,0.48606478681011783,0.18267519373014743
W.2025-11-05_123033.8ac2c0de,/home/ayesha/SP-VAE-GCN/results/11-5-gridrun/W.2025-11-05_123033.8ac2c0de,0.2634747624397278,211,63172,0.2,0.01,2.0,0.1,0.0,0.5,0.001,0.08397381947356697,0.2897823657049665,0.2379029203610063,0.6662581403619218,0.5791913544086905,0.45355518414129237,0.7772061314278733,0.2033483129967194,0.5080336967066149,0.22025715066000898
W.2025-11-05_123055.8d28d3f2,/home/ayesha/SP-VAE-GCN/results/11-5-gridrun/W.2025-11-05_123055.8d28d3f2,0.39121106266975403,181,63172,0.2,0.01,1.0,0.05,-0.1,0.0,0.0001,0.030699088291591906,0.17521155296267396,0.12794131557388244,0.8682909407612743,0.7627332338630086,0.8531502057783408,0.9204440009764487,0.09501408400690911,0.3396258687872583,0.117609029974591
W.2025-11-05_123120.a6ad0b43,/home/ayesha/SP-VAE-GCN/results/11-5-gridrun/W.2025-11-05_123120.a6ad0b43,0.13213485479354858,265,63172,0.1,0.05,2.0,0.1,0.0,0.5,0.0001,0.13828296396571685,0.3718641740820388,0.30771675507027135,0.024667006427039066,0.044267014182503124,0.00247160325306178,0.5831849530469136,0.2974957548816617,0.6111339608515656,0.28135729990909586
W.2025-11-05_123234.a777e055,/home/ayesha/SP-VAE-GCN/results/11-5-gridrun/W.2025-11-05_123234.a777e055,0.160081684589386,209,63172,0.1,0.05,2.0,0.0,0.0,0.1,0.0001,0.10530335151300113,0.3245047788754445,0.267314064837461,0.48320706720403794,0.4629995662639079,0.2832093415543085,0.7056716408470322,0.24213810906103983,0.552770252543218,0.24157321090768158
